statecode,countycode,v051_rawvalue,v051_flag_CT
00,000,340110988,
01,000,5157699,
01,001,61464,
01,003,261608,
01,005,24358,
01,007,22258,
01,009,60163,
01,011,9901,
01,013,18256,
01,015,116427,
01,017,33813,
01,019,26138,
01,021,47262,
01,023,12052,
01,025,22142,
01,027,14239,
01,029,15905,
01,031,56358,
01,033,58785,
01,035,11109,
01,037,10291,
01,039,37748,
01,041,13114,
01,043,92604,
01,045,50067,
01,047,35545,
01,049,73122,
01,051,91042,
01,053,36630,
01,055,103207,
01,057,15863,
01,059,31874,
01,061,27259,
01,063,7127,
01,065,15116,
01,067,18141,
01,069,109366,
01,071,53780,
01,073,664744,
01,075,13543,
01,077,97502,
01,079,33567,
01,081,187847,
01,083,118942,
01,085,9485,
01,087,18159,
01,089,423355,
01,091,18512,
01,093,29323,
01,095,102156,
01,097,412339,
01,099,19057,
01,101,225894,
01,103,126084,
01,105,7719,
01,107,18508,
01,109,33124,
01,111,23067,
01,113,58837,
01,115,96927,
01,117,235969,
01,119,11607,
01,121,81375,
01,123,40699,
01,125,241212,
01,127,65260,
01,129,15018,
01,131,9865,
01,133,23869,
02,000,740133,
02,013,3632,
02,016,5424,
02,020,289600,
02,050,18237,
02,060,884,
02,063,6604,
02,066,2631,
02,068,1621,
02,070,4642,
02,090,94951,
02,100,2104,
02,105,2312,
02,110,31572,
02,122,61259,
02,130,13677,
02,150,12654,
02,158,7946,
02,164,1315,
02,170,117613,
02,180,9836,
02,185,10663,
02,188,7134,
02,195,3436,
02,198,5746,
02,220,8355,
02,230,1119,
02,240,7313,
02,275,2064,
02,282,690,
02,290,5099,
04,000,7582384,
04,001,64800,
04,003,125773,
04,005,145161,
04,007,54073,
04,009,40242,
04,011,9410,
04,012,16992,
04,013,4673096,
04,015,226479,
04,017,109516,
04,019,1080149,
04,021,513862,
04,023,50508,
04,025,252013,
04,027,220310,
05,000,3088354,
05,001,16050,
05,003,17984,
05,005,43007,
05,007,321566,
05,009,38636,
05,011,9935,
05,013,4690,
05,015,28968,
05,017,9272,
05,019,20920,
05,021,14112,
05,023,25646,
05,025,7367,
05,027,22024,
05,029,21422,
05,031,115852,
05,033,62258,
05,035,46633,
05,037,16194,
05,039,6076,
05,041,10321,
05,043,16935,
05,045,131611,
05,047,17586,
05,049,12546,
05,051,99902,
05,053,18546,
05,055,46928,
05,057,19105,
05,059,33313,
05,061,12387,
05,063,38345,
05,065,14291,
05,067,16673,
05,069,63672,
05,071,26172,
05,073,6015,
05,075,16305,
05,077,8104,
05,079,12868,
05,081,11626,
05,083,21457,
05,085,76389,
05,087,17865,
05,089,17593,
05,091,41958,
05,093,38095,
05,095,6415,
05,097,8510,
05,099,8004,
05,101,7026,
05,103,21684,
05,105,10251,
05,107,14661,
05,109,10027,
05,111,22300,
05,113,19434,
05,115,64829,
05,117,7935,
05,119,401209,
05,121,19040,
05,123,21822,
05,125,131252,
05,127,9837,
05,129,7836,
05,131,130035,
05,133,15735,
05,135,18130,
05,137,12785,
05,139,37008,
05,141,16152,
05,143,266184,
05,145,79091,
05,147,5808,
05,149,20134,
06,000,39431263,
06,001,1649060,
06,003,1099,
06,005,42026,
06,007,208334,
06,009,46505,
06,011,22074,
06,013,1172607,
06,015,27009,
06,017,192823,
06,019,1024125,
06,021,28304,
06,023,132380,
06,025,181724,
06,027,18485,
06,029,922529,
06,031,154913,
06,033,67764,
06,035,28340,
06,037,9757179,
06,039,165432,
06,041,256400,
06,043,17048,
06,045,89175,
06,047,296774,
06,049,8491,
06,051,12991,
06,053,436251,
06,055,132727,
06,057,102195,
06,059,3170435,
06,061,433822,
06,063,18834,
06,065,2529933,
06,067,1611231,
06,069,69159,
06,071,2214281,
06,073,3298799,
06,075,827526,
06,077,816108,
06,079,281843,
06,081,742893,
06,083,444500,
06,085,1926325,
06,087,262406,
06,089,181121,
06,091,3113,
06,093,42498,
06,095,455101,
06,097,485375,
06,099,556972,
06,101,98545,
06,103,64451,
06,105,15642,
06,107,483546,
06,109,53893,
06,111,835427,
06,113,225251,
06,115,87469,
08,000,5957493,
08,001,542973,
08,003,16689,
08,005,666918,
08,007,14112,
08,009,3367,
08,011,5779,
08,013,330262,
08,014,78323,
08,015,20780,
08,017,1712,
08,019,9076,
08,021,7549,
08,023,3686,
08,025,5600,
08,027,5553,
08,029,32215,
08,031,729019,
08,033,2467,
08,035,393995,
08,037,54330,
08,039,29382,
08,041,752772,
08,043,50093,
08,045,63167,
08,047,5963,
08,049,16154,
08,051,17310,
08,053,747,
08,055,6988,
08,057,1273,
08,059,578533,
08,061,1392,
08,063,7080,
08,065,7369,
08,067,56823,
08,069,374574,
08,071,14518,
08,073,5598,
08,075,20755,
08,077,161260,
08,079,933,
08,081,13142,
08,083,26841,
08,085,44806,
08,087,30300,
08,089,17991,
08,091,5197,
08,093,18316,
08,095,4488,
08,097,16643,
08,099,11957,
08,101,169866,
08,103,6607,
08,105,11132,
08,107,25243,
08,109,6670,
08,111,821,
08,113,7819,
08,115,2257,
08,117,30882,
08,119,24862,
08,121,4771,
08,123,369745,
08,125,10048,
09,000,3675069,
09,001,,U
09,003,,U
09,005,,U
09,007,,U
09,009,,U
09,011,,U
09,013,,U
09,015,,U
09,110,991508,A
09,120,335666,A
09,130,177540,A
09,140,462220,A
09,150,97701,A
09,160,114101,A
09,170,576718,A
09,180,282602,A
09,190,637013,A
10,000,1051917,
10,001,192690,
10,003,588093,
10,005,271134,
11,000,702250,
11,001,702250,
12,000,23372215,
12,001,291782,
12,003,29325,
12,005,199718,
12,007,28075,
12,009,658447,
12,011,2037472,
12,013,13278,
12,015,212122,
12,017,170174,
12,019,236760,
12,021,416233,
12,023,73977,
12,027,36744,
12,029,17614,
12,031,1055159,
12,033,331275,
12,035,136744,
12,037,12979,
12,039,44151,
12,041,20233,
12,043,13132,
12,045,15876,
12,047,14334,
12,049,26068,
12,051,46130,
12,053,218150,
12,055,109778,
12,057,1581426,
12,059,19876,
12,061,172139,
12,063,49980,
12,065,15921,
12,067,8640,
12,069,444204,
12,071,860959,
12,073,300488,
12,075,47765,
12,077,7955,
12,079,18364,
12,081,458352,
12,083,428905,
12,085,165666,
12,086,2838461,
12,087,80908,
12,089,104376,
12,091,220483,
12,093,42369,
12,095,1533646,
12,097,468058,
12,099,1582055,
12,101,659114,
12,103,965870,
12,105,852878,
12,107,77301,
12,109,334928,
12,111,390670,
12,113,207653,
12,115,476604,
12,117,494605,
12,119,154693,
12,121,47536,
12,123,21843,
12,125,15738,
12,127,602772,
12,129,37115,
12,131,89666,
12,133,26503,
13,000,11180878,
13,001,18669,
13,003,8435,
13,005,11045,
13,007,2732,
13,009,43644,
13,011,20318,
13,013,96294,
13,015,117508,
13,017,16945,
13,019,18666,
13,021,157056,
13,023,12626,
13,025,18795,
13,027,16344,
13,029,51105,
13,031,85454,
13,033,24472,
13,035,27127,
13,037,5441,
13,039,59099,
13,043,11130,
13,045,129911,
13,047,68940,
13,049,13021,
13,051,307336,
13,053,8548,
13,055,25306,
13,057,293513,
13,059,129995,
13,061,2815,
13,063,297703,
13,065,6871,
13,067,787538,
13,069,43851,
13,071,46977,
13,073,167472,
13,075,17984,
13,077,158233,
13,079,12349,
13,081,19468,
13,083,16068,
13,085,33748,
13,087,29391,
13,089,770307,
13,091,19630,
13,093,11186,
13,095,82418,
13,097,151887,
13,099,10444,
13,101,3698,
13,103,73148,
13,105,20152,
13,107,23224,
13,109,10869,
13,111,25854,
13,113,125107,
13,115,101390,
13,117,280096,
13,119,25208,
13,121,1090354,
13,123,33327,
13,125,3008,
13,127,86540,
13,129,60765,
13,131,26271,
13,133,21091,
13,135,1003869,
13,137,49665,
13,139,221745,
13,141,8683,
13,143,32404,
13,145,36929,
13,147,28052,
13,149,12119,
13,151,259315,
13,153,174897,
13,155,9155,
13,157,93825,
13,159,17219,
13,161,15119,
13,163,15019,
13,165,8836,
13,167,9178,
13,169,29047,
13,171,20690,
13,173,10464,
13,175,50287,
13,177,34073,
13,179,68607,
13,181,8049,
13,183,20439,
13,185,122082,
13,187,36016,
13,189,21764,
13,191,11800,
13,193,11831,
13,195,32771,
13,197,7635,
13,199,21439,
13,201,5824,
13,205,20329,
13,207,31437,
13,209,8566,
13,211,21940,
13,213,41316,
13,215,201830,
13,217,124010,
13,219,44751,
13,221,16172,
13,223,188549,
13,225,29213,
13,227,36580,
13,229,20669,
13,231,20669,
13,233,44610,
13,235,10180,
13,237,23383,
13,239,2323,
13,241,17711,
13,243,6085,
13,245,206303,
13,247,97610,
13,249,4503,
13,251,14325,
13,253,9274,
13,255,70292,
13,257,27498,
13,259,4809,
13,261,28972,
13,263,5755,
13,265,1620,
13,267,24275,
13,269,7783,
13,271,11000,
13,273,8698,
13,275,46054,
13,277,41708,
13,279,27488,
13,281,13184,
13,283,6420,
13,285,71513,
13,287,9023,
13,289,7728,
13,291,27601,
13,293,28358,
13,295,69340,
13,297,109792,
13,299,36222,
13,301,5148,
13,303,19834,
13,305,32132,
13,307,2315,
13,309,7076,
13,311,29668,
13,313,105070,
13,315,8904,
13,317,9567,
13,319,8667,
13,321,20262,
15,000,1446146,
15,001,209790,
15,003,998747,
15,005,81,
15,007,73840,
15,009,163688,
16,000,2001619,
16,001,535799,
16,003,4998,
16,005,91010,
16,007,6779,
16,009,10529,
16,011,50889,
16,013,25261,
16,015,8581,
16,017,53955,
16,019,133644,
16,021,14040,
16,023,2735,
16,025,1247,
16,027,266892,
16,029,7239,
16,031,25976,
16,033,794,
16,035,9151,
16,037,4597,
16,039,29729,
16,041,15638,
16,043,14399,
16,045,21857,
16,047,16189,
16,049,17912,
16,051,34854,
16,053,26056,
16,055,188323,
16,057,42180,
16,059,8397,
16,061,3728,
16,063,5556,
16,065,55549,
16,067,22691,
16,069,42847,
16,071,4976,
16,073,12748,
16,075,27662,
16,077,8381,
16,079,14074,
16,081,12932,
16,083,96509,
16,085,12777,
16,087,11539,
17,000,12710158,
17,001,64109,
17,003,4594,
17,005,16576,
17,007,53313,
17,009,6307,
17,011,32486,
17,013,4224,
17,015,15444,
17,017,12713,
17,019,212374,
17,021,33247,
17,023,15076,
17,025,12821,
17,027,37087,
17,029,46423,
17,031,5182617,
17,033,18388,
17,035,10305,
17,037,101335,
17,039,15319,
17,041,19824,
17,043,937142,
17,045,16398,
17,047,5984,
17,049,34602,
17,051,21157,
17,053,13451,
17,055,37033,
17,057,32510,
17,059,4690,
17,061,11417,
17,063,53835,
17,065,7818,
17,067,17008,
17,069,3550,
17,071,6048,
17,073,48177,
17,075,26067,
17,077,53199,
17,079,9092,
17,081,36107,
17,083,21150,
17,085,21528,
17,087,13320,
17,089,520997,
17,091,106410,
17,093,143171,
17,095,48716,
17,097,718604,
17,099,108390,
17,101,14801,
17,103,33544,
17,105,35375,
17,107,27518,
17,109,26662,
17,111,315959,
17,113,172069,
17,115,100737,
17,117,43895,
17,119,263017,
17,121,36437,
17,123,11552,
17,125,12543,
17,127,13627,
17,129,11963,
17,131,15292,
17,133,34969,
17,135,27615,
17,137,32618,
17,139,14365,
17,141,51345,
17,143,179630,
17,145,20272,
17,147,16628,
17,149,14258,
17,151,3703,
17,153,4879,
17,155,5633,
17,157,29903,
17,159,15362,
17,161,142731,
17,163,251149,
17,165,22826,
17,167,194345,
17,169,6750,
17,171,4880,
17,173,20542,
17,175,5272,
17,177,43088,
17,179,129821,
17,181,16886,
17,183,71106,
17,185,10979,
17,187,16217,
17,189,13535,
17,191,15928,
17,193,13395,
17,195,54657,
17,197,708583,
17,199,67064,
17,201,283790,
17,203,38290,
18,000,6924275,
18,001,36584,
18,003,399295,
18,005,84741,
18,007,8853,
18,009,11816,
18,011,78773,
18,013,15650,
18,015,20747,
18,017,37559,
18,019,127479,
18,021,26424,
18,023,32895,
18,025,10523,
18,027,34097,
18,029,51435,
18,031,26421,
18,033,44330,
18,035,112951,
18,037,43629,
18,039,207436,
18,041,23335,
18,043,81931,
18,045,16833,
18,047,23136,
18,049,20004,
18,051,33038,
18,053,66458,
18,055,31219,
18,057,379704,
18,059,88810,
18,061,39978,
18,063,190629,
18,065,49081,
18,067,84082,
18,069,36944,
18,071,47420,
18,073,33387,
18,075,20164,
18,077,32921,
18,079,27634,
18,081,170614,
18,083,35872,
18,085,80669,
18,087,41122,
18,089,502955,
18,091,111348,
18,093,45192,
18,095,134222,
18,097,981628,
18,099,46464,
18,101,9864,
18,103,35613,
18,105,140702,
18,107,38633,
18,109,73825,
18,111,14131,
18,113,47811,
18,115,5996,
18,117,19824,
18,119,21851,
18,121,16508,
18,123,19320,
18,125,12116,
18,127,175860,
18,129,25067,
18,131,12421,
18,133,37804,
18,135,24337,
18,137,29214,
18,139,16759,
18,141,273744,
18,143,24751,
18,145,45654,
18,147,20192,
18,149,23463,
18,151,34862,
18,153,20768,
18,155,9988,
18,157,191650,
18,159,15324,
18,161,6884,
18,163,180387,
18,165,15516,
18,167,106166,
18,169,30777,
18,171,8451,
18,173,66339,
18,175,28345,
18,177,66410,
18,179,28798,
18,181,24833,
18,183,34885,
19,000,3241488,
19,001,7431,
19,003,3606,
19,005,14184,
19,007,12106,
19,009,5562,
19,011,25799,
19,013,132348,
19,015,26729,
19,017,25328,
19,019,20733,
19,021,20816,
19,023,14156,
19,025,9711,
19,027,20407,
19,029,13024,
19,031,18231,
19,033,42493,
19,035,11658,
19,037,11719,
19,039,9524,
19,041,16474,
19,043,16931,
19,045,46015,
19,047,16378,
19,049,115343,
19,051,9193,
19,053,7656,
19,055,17609,
19,057,38411,
19,059,18158,
19,061,99242,
19,063,9162,
19,065,19152,
19,067,15008,
19,069,10024,
19,071,6494,
19,073,8662,
19,075,12405,
19,077,10774,
19,079,14856,
19,081,10616,
19,083,16464,
19,085,14626,
19,087,19361,
19,089,9360,
19,091,9617,
19,093,6810,
19,095,16423,
19,097,19390,
19,099,38107,
19,101,15781,
19,103,160080,
19,105,21116,
19,107,9855,
19,109,14408,
19,111,32376,
19,113,231762,
19,115,10630,
19,117,8758,
19,119,12378,
19,121,17161,
19,123,22034,
19,125,34048,
19,127,40392,
19,129,14717,
19,131,10632,
19,133,8429,
19,135,7373,
19,137,10063,
19,139,42132,
19,141,14260,
19,143,6036,
19,145,15038,
19,147,8809,
19,149,25825,
19,151,7006,
19,153,516185,
19,155,93529,
19,157,18454,
19,159,4608,
19,161,9533,
19,163,175601,
19,165,11821,
19,167,36554,
19,169,102498,
19,171,16738,
19,173,5825,
19,175,11955,
19,177,7217,
19,179,35681,
19,181,56343,
19,183,22631,
19,185,6622,
19,187,36909,
19,189,10383,
19,191,19723,
19,193,107257,
19,195,7307,
19,197,12729,
20,000,2970606,
20,001,12425,
20,003,7908,
20,005,16249,
20,007,4070,
20,009,24835,
20,011,14424,
20,013,9142,
20,015,69158,
20,017,2507,
20,019,3339,
20,021,19133,
20,023,2646,
20,025,1873,
20,027,7969,
20,029,8723,
20,031,8301,
20,033,1694,
20,035,34186,
20,037,38904,
20,039,2716,
20,041,18621,
20,043,7575,
20,045,121989,
20,047,2731,
20,049,2436,
20,051,29007,
20,053,6316,
20,055,38354,
20,057,34072,
20,059,26273,
20,061,35459,
20,063,2658,
20,065,2370,
20,067,7097,
20,069,5730,
20,071,1152,
20,073,5871,
20,075,2488,
20,077,5413,
20,079,33642,
20,081,3591,
20,083,1673,
20,085,13525,
20,087,18332,
20,089,2899,
20,091,632276,
20,093,3808,
20,095,6946,
20,097,2436,
20,099,19692,
20,101,1482,
20,103,84670,
20,105,2928,
20,107,9841,
20,109,2694,
20,111,32520,
20,113,30334,
20,115,11670,
20,117,9950,
20,119,3892,
20,121,35737,
20,123,5803,
20,125,30459,
20,127,5279,
20,129,2485,
20,131,10062,
20,133,15552,
20,135,2617,
20,137,5335,
20,139,15737,
20,141,3353,
20,143,5853,
20,145,6012,
20,147,4733,
20,149,26876,
20,151,9137,
20,153,2432,
20,155,61417,
20,157,4613,
20,159,9284,
20,161,72557,
20,163,4748,
20,165,2810,
20,167,6620,
20,169,53459,
20,171,4914,
20,173,536081,
20,175,21276,
20,177,177942,
20,179,2397,
20,181,5796,
20,183,3541,
20,185,3901,
20,187,2071,
20,189,5035,
20,191,22336,
20,193,7802,
20,195,2774,
20,197,7112,
20,199,1472,
20,201,5572,
20,203,2072,
20,205,8398,
20,207,3111,
20,209,169418,
21,000,4588372,
21,001,19239,
21,003,22037,
21,005,24883,
21,007,7626,
21,009,45609,
21,011,12951,
21,013,23051,
21,015,144135,
21,017,20333,
21,019,47777,
21,021,31394,
21,023,8497,
21,025,12804,
21,027,21221,
21,029,85802,
21,031,12551,
21,033,12611,
21,035,38975,
21,037,94008,
21,039,4777,
21,041,11111,
21,043,26098,
21,045,15948,
21,047,71006,
21,049,37673,
21,051,19592,
21,053,9183,
21,055,8982,
21,057,6047,
21,059,104457,
21,061,12635,
21,063,7263,
21,065,14002,
21,067,329437,
21,069,15591,
21,071,34532,
21,073,52442,
21,075,6282,
21,077,8805,
21,079,18040,
21,081,25722,
21,083,36821,
21,085,27070,
21,087,11552,
21,089,35273,
21,091,9013,
21,093,112826,
21,095,25052,
21,097,19525,
21,099,19923,
21,101,44175,
21,103,16198,
21,105,4393,
21,107,45218,
21,109,13358,
21,111,793881,
21,113,56495,
21,115,22098,
21,117,174862,
21,119,13438,
21,121,29657,
21,123,15128,
21,125,63353,
21,127,15798,
21,129,7313,
21,131,9729,
21,133,20139,
21,135,12875,
21,137,24910,
21,139,8815,
21,141,28467,
21,143,9078,
21,145,67550,
21,147,16824,
21,149,9126,
21,151,99582,
21,153,11118,
21,155,19851,
21,157,31734,
21,159,10696,
21,161,16956,
21,163,30442,
21,165,6341,
21,167,23515,
21,169,10558,
21,171,11163,
21,173,28771,
21,175,14300,
21,177,30512,
21,179,48706,
21,181,7816,
21,183,23933,
21,185,70525,
21,187,11435,
21,189,3928,
21,191,14844,
21,193,26739,
21,195,55430,
21,197,12928,
21,199,66842,
21,201,2382,
21,203,16226,
21,205,24675,
21,207,18458,
21,209,61700,
21,211,50124,
21,213,20350,
21,215,20823,
21,217,26809,
21,219,12757,
21,221,14559,
21,223,8591,
21,225,13178,
21,227,147936,
21,229,12269,
21,231,19629,
21,233,12854,
21,235,37233,
21,237,6364,
21,239,27728,
22,000,4597740,
22,001,56604,
22,003,22501,
22,005,133534,
22,007,20050,
22,009,38373,
22,011,36695,
22,013,12412,
22,015,131102,
22,017,224893,
22,019,206861,
22,021,9393,
22,023,4678,
22,025,8280,
22,027,13537,
22,029,17797,
22,031,27274,
22,033,453022,
22,035,6892,
22,037,19112,
22,039,31745,
22,041,19107,
22,043,22109,
22,045,67540,
22,047,29766,
22,049,14797,
22,051,427253,
22,053,31436,
22,055,254241,
22,057,95342,
22,059,14702,
22,061,48243,
22,063,152886,
22,065,9093,
22,067,23787,
22,069,35982,
22,071,362701,
22,073,157874,
22,075,22289,
22,077,19845,
22,079,125899,
22,081,7238,
22,083,19643,
22,085,21746,
22,087,44783,
22,089,50400,
22,091,10857,
22,093,19110,
22,095,39694,
22,097,80869,
22,099,51218,
22,101,46799,
22,103,277615,
22,105,139823,
22,107,3844,
22,109,103864,
22,111,20617,
22,113,57641,
22,115,45819,
22,117,45090,
22,119,35184,
22,121,28425,
22,123,9254,
22,125,15155,
22,127,13405,
23,000,1405012,
23,001,115272,
23,003,66776,
23,005,313809,
23,007,30902,
23,009,56946,
23,011,128461,
23,013,40981,
23,015,36491,
23,017,60039,
23,019,156840,
23,021,17432,
23,023,37582,
23,025,51338,
23,027,40617,
23,029,31383,
23,031,220143,
24,000,6263220,
24,001,67097,
24,003,602350,
24,005,852425,
24,009,94913,
24,011,34248,
24,013,177108,
24,015,106305,
24,017,174478,
24,019,33138,
24,021,299317,
24,023,28393,
24,025,265514,
24,027,339668,
24,029,19557,
24,031,1082273,
24,033,966629,
24,035,53688,
24,037,116469,
24,039,25241,
24,041,38244,
24,043,157228,
24,045,106329,
24,047,54337,
24,510,568271,
25,000,7136171,
25,001,232570,
25,003,128726,
25,005,588593,
25,007,21061,
25,009,823938,
25,011,70871,
25,013,464151,
25,015,165399,
25,017,1668956,
25,019,14670,
25,021,740754,
25,023,542090,
25,025,793144,
25,027,881248,
26,000,10140459,
26,001,10624,
26,003,8695,
26,005,122429,
26,007,28903,
26,009,24536,
26,011,15087,
26,013,8169,
26,015,64025,
26,017,102651,
26,019,18520,
26,021,152703,
26,023,46187,
26,025,133785,
26,027,51550,
26,029,26105,
26,031,25964,
26,033,36253,
26,035,31405,
26,037,80050,
26,039,13599,
26,041,36687,
26,043,25995,
26,045,109494,
26,047,33949,
26,049,402279,
26,051,25995,
26,053,14217,
26,055,96625,
26,057,41372,
26,059,45590,
26,061,38041,
26,063,30780,
26,065,290427,
26,067,66250,
26,069,25361,
26,071,11709,
26,073,65072,
26,075,160233,
26,077,264780,
26,079,18618,
26,081,673002,
26,083,2161,
26,085,13005,
26,087,89168,
26,089,22871,
26,091,97746,
26,093,196976,
26,095,6328,
26,097,11144,
26,099,886175,
26,101,25519,
26,103,67979,
26,105,29093,
26,107,41947,
26,109,23050,
26,111,84022,
26,113,15239,
26,115,156045,
26,117,69314,
26,119,9828,
26,121,177428,
26,123,51504,
26,125,1296888,
26,127,27014,
26,129,20985,
26,131,5824,
26,133,23484,
26,135,8596,
26,137,26083,
26,139,306235,
26,141,13230,
26,143,23932,
26,145,187714,
26,147,160308,
26,149,61171,
26,151,40293,
26,153,8178,
26,155,67982,
26,157,52757,
26,159,76129,
26,161,373875,
26,163,1771063,
26,165,34460,
27,000,5793151,
27,001,16335,
27,003,376840,
27,005,35444,
27,007,46762,
27,009,41881,
27,011,5067,
27,013,70700,
27,015,25710,
27,017,36745,
27,019,112628,
27,021,31442,
27,023,12299,
27,025,59105,
27,027,66848,
27,029,8630,
27,031,5571,
27,033,11338,
27,035,68642,
27,037,453156,
27,039,21242,
27,041,39933,
27,043,13886,
27,045,21502,
27,047,30314,
27,049,47982,
27,051,6109,
27,053,1273334,
27,055,18352,
27,057,22050,
27,059,43687,
27,061,45442,
27,063,9861,
27,065,16608,
27,067,44674,
27,069,3992,
27,071,11594,
27,073,6636,
27,075,10698,
27,077,3797,
27,079,29458,
27,081,5564,
27,083,25577,
27,085,36780,
27,087,5296,
27,089,8771,
27,091,19561,
27,093,23491,
27,095,27577,
27,097,34520,
27,099,40900,
27,101,8044,
27,103,34493,
27,105,21969,
27,107,6284,
27,109,166424,
27,111,60884,
27,113,13652,
27,115,30319,
27,117,9100,
27,119,30413,
27,121,11495,
27,123,542015,
27,125,3882,
27,127,15254,
27,129,14453,
27,131,69025,
27,133,9525,
27,135,15265,
27,137,200794,
27,139,157206,
27,141,103059,
27,143,15194,
27,145,163997,
27,147,37434,
27,149,9819,
27,151,9666,
27,153,25955,
27,155,3134,
27,157,21574,
27,159,14437,
27,161,18684,
27,163,283960,
27,165,11204,
27,167,6268,
27,169,49973,
27,171,154593,
27,173,9373,
28,000,2943045,
28,001,28674,
28,003,34228,
28,005,12451,
28,007,17222,
28,009,7566,
28,011,28395,
28,013,12754,
28,015,9378,
28,017,16774,
28,019,8091,
28,021,8122,
28,023,15155,
28,025,18213,
28,027,20105,
28,029,27536,
28,031,18015,
28,033,195871,
28,035,78435,
28,037,7516,
28,039,25880,
28,041,13675,
28,043,20931,
28,045,46492,
28,047,213730,
28,049,211975,
28,051,15560,
28,053,7121,
28,055,1295,
28,057,24198,
28,059,147002,
28,061,15799,
28,063,6900,
28,065,11059,
28,067,65837,
28,069,8562,
28,071,59843,
28,073,66734,
28,075,70588,
28,077,11672,
28,079,21462,
28,081,83012,
28,083,26157,
28,085,34956,
28,087,57210,
28,089,114247,
28,091,24008,
28,093,34374,
28,095,33483,
28,097,9411,
28,099,28973,
28,101,21063,
28,103,9825,
28,105,51965,
28,107,32764,
28,109,59030,
28,111,11406,
28,113,38980,
28,115,32014,
28,117,25489,
28,119,5542,
28,121,160573,
28,123,27666,
28,125,3234,
28,127,25597,
28,129,14051,
28,131,19569,
28,133,23029,
28,135,10921,
28,137,28551,
28,139,21423,
28,141,18553,
28,143,9157,
28,145,28363,
28,147,13839,
28,149,42105,
28,151,41181,
28,153,19749,
28,155,10039,
28,157,7820,
28,159,17418,
28,161,12458,
28,163,23024,
29,000,6245466,
29,001,25660,
29,003,18091,
29,005,5139,
29,007,24304,
29,009,35618,
29,011,11717,
29,013,16394,
29,015,20614,
29,017,10610,
29,019,192154,
29,021,83574,
29,023,41814,
29,025,9000,
29,027,45126,
29,029,44135,
29,031,83658,
29,033,8414,
29,035,5359,
29,037,113873,
29,039,15023,
29,041,7397,
29,043,96045,
29,045,6623,
29,047,263370,
29,049,21721,
29,051,77625,
29,053,17122,
29,055,22808,
29,057,7622,
29,059,17877,
29,061,8541,
29,063,9884,
29,065,14721,
29,067,12290,
29,069,27002,
29,071,107256,
29,073,14655,
29,075,6298,
29,077,307942,
29,079,9766,
29,081,8186,
29,083,22575,
29,085,8766,
29,087,4241,
29,089,10150,
29,091,40762,
29,093,9420,
29,095,727362,
29,097,126479,
29,099,231888,
29,101,55880,
29,103,3740,
29,105,36738,
29,107,33511,
29,109,39151,
29,111,9852,
29,113,65888,
29,115,11910,
29,117,14658,
29,119,24054,
29,121,15177,
29,123,12852,
29,125,8506,
29,127,28425,
29,129,3452,
29,131,25668,
29,133,11750,
29,135,15294,
29,137,8890,
29,139,11511,
29,141,22399,
29,143,15212,
29,145,61519,
29,147,20503,
29,149,8699,
29,151,13478,
29,153,9090,
29,155,14407,
29,157,19100,
29,159,43791,
29,161,45672,
29,163,17961,
29,165,113207,
29,167,33070,
29,169,53964,
29,171,4539,
29,173,10499,
29,175,24077,
29,177,23199,
29,179,5927,
29,181,10715,
29,183,423726,
29,185,9848,
29,186,18546,
29,187,67503,
29,189,992929,
29,195,23325,
29,197,4069,
29,199,4698,
29,201,37957,
29,203,7275,
29,205,5926,
29,207,28438,
29,209,32630,
29,211,5750,
29,213,56744,
29,215,25715,
29,217,19787,
29,219,38478,
29,221,23583,
29,223,10820,
29,225,42041,
29,227,1872,
29,229,19505,
29,510,279695,
30,000,1137233,
30,001,10006,
30,003,12796,
30,005,6903,
30,007,8302,
30,009,11498,
30,011,1399,
30,013,84523,
30,015,5880,
30,017,11964,
30,019,1625,
30,021,8731,
30,023,9811,
30,025,2946,
30,027,11862,
30,029,114527,
30,031,126984,
30,033,1181,
30,035,13503,
30,037,863,
30,039,3602,
30,041,16065,
30,043,13304,
30,045,2111,
30,047,33403,
30,049,75129,
30,051,1934,
30,053,22184,
30,055,1717,
30,057,9753,
30,059,2065,
30,061,5195,
30,063,122546,
30,065,5452,
30,067,18074,
30,069,525,
30,071,4214,
30,073,6078,
30,075,1734,
30,077,7120,
30,079,1112,
30,081,48187,
30,083,11028,
30,085,10197,
30,087,8194,
30,089,13895,
30,091,3448,
30,093,36134,
30,095,9450,
30,097,3757,
30,099,6444,
30,101,5153,
30,103,739,
30,105,7434,
30,107,2058,
30,109,911,
30,111,171583,
31,000,2005465,
31,001,31196,
31,003,6358,
31,005,423,
31,007,665,
31,009,454,
31,011,5354,
31,013,10703,
31,015,1700,
31,017,2877,
31,019,51156,
31,021,6727,
31,023,8439,
31,025,27492,
31,027,8262,
31,029,3764,
31,031,5558,
31,033,9602,
31,035,6103,
31,037,10826,
31,039,8952,
31,041,10487,
31,043,21335,
31,045,8003,
31,047,24554,
31,049,1892,
31,051,5526,
31,053,37884,
31,055,601158,
31,057,1581,
31,059,5512,
31,061,2817,
31,063,2536,
31,065,4468,
31,067,21687,
31,069,1804,
31,071,1707,
31,073,1808,
31,075,573,
31,077,2197,
31,079,62869,
31,081,9564,
31,083,3018,
31,085,846,
31,087,2460,
31,089,10120,
31,091,698,
31,093,6572,
31,095,7136,
31,097,5219,
31,099,6749,
31,101,8148,
31,103,819,
31,105,3305,
31,107,8306,
31,109,332857,
31,111,33319,
31,113,694,
31,115,582,
31,117,376,
31,119,35579,
31,121,7837,
31,123,4485,
31,125,3262,
31,127,7046,
31,129,4094,
31,131,16591,
31,133,2521,
31,135,2779,
31,137,9042,
31,139,7334,
31,141,35499,
31,143,5269,
31,145,10409,
31,147,7666,
31,149,1241,
31,151,14740,
31,153,204828,
31,155,23406,
31,157,35734,
31,159,17769,
31,161,4927,
31,163,2949,
31,165,1099,
31,167,5756,
31,169,4870,
31,171,634,
31,173,6637,
31,175,4032,
31,177,21254,
31,179,9870,
31,181,3326,
31,183,808,
31,185,14375,
32,000,3267467,
32,001,26033,
32,003,2398871,
32,005,49564,
32,007,54363,
32,009,720,
32,011,1877,
32,013,17116,
32,015,5785,
32,017,4345,
32,019,63718,
32,021,4475,
32,023,55990,
32,027,6536,
32,029,4112,
32,031,507280,
32,033,8534,
32,510,58148,
33,000,1409032,
33,001,65257,
33,003,52580,
33,005,78078,
33,007,31094,
33,009,93045,
33,011,430462,
33,013,157869,
33,015,322433,
33,017,134202,
33,019,44012,
34,000,9500851,
34,001,279114,
34,003,978641,
34,005,475515,
34,007,533988,
34,009,93875,
34,011,155678,
34,013,881527,
34,015,311783,
34,017,736185,
34,019,131708,
34,021,392138,
34,023,890119,
34,025,647520,
34,027,523053,
34,029,666434,
34,031,526597,
34,033,65874,
34,035,357467,
34,037,147444,
34,039,594160,
34,041,112031,
35,000,2130256,
35,001,671747,
35,003,3795,
35,005,63697,
35,006,26686,
35,007,12307,
35,009,47156,
35,011,1657,
35,013,229366,
35,015,61436,
35,017,27541,
35,019,4385,
35,021,635,
35,023,3966,
35,025,75151,
35,027,20025,
35,028,19675,
35,029,25878,
35,031,68945,
35,033,4096,
35,035,69711,
35,037,8403,
35,039,39955,
35,041,18713,
35,043,157757,
35,045,120817,
35,047,26428,
35,049,157765,
35,051,11389,
35,053,15967,
35,055,34482,
35,057,15986,
35,059,3926,
35,061,80813,
36,000,19867248,
36,001,319964,
36,003,47299,
36,005,1384724,
36,007,196397,
36,009,75475,
36,011,74567,
36,013,124105,
36,015,81115,
36,017,45776,
36,019,77871,
36,021,60299,
36,023,45945,
36,025,44191,
36,027,299963,
36,029,950602,
36,031,36744,
36,033,47086,
36,035,52073,
36,037,57604,
36,039,46903,
36,041,5082,
36,043,59585,
36,045,113140,
36,047,2617631,
36,049,26570,
36,051,61561,
36,053,67072,
36,055,752202,
36,057,49648,
36,059,1392438,
36,061,1660664,
36,063,209570,
36,065,228347,
36,067,469812,
36,069,113012,
36,071,411767,
36,073,39686,
36,075,118305,
36,077,60524,
36,079,98409,
36,081,2316841,
36,083,160749,
36,085,498212,
36,087,348144,
36,089,106198,
36,091,240360,
36,093,162261,
36,095,30151,
36,097,17121,
36,099,32650,
36,101,92015,
36,103,1535909,
36,105,80450,
36,107,47574,
36,109,105602,
36,111,182977,
36,113,65288,
36,115,59839,
36,117,90757,
36,119,1006447,
36,121,39588,
36,123,24387,
37,000,11046024,
37,001,183040,
37,003,36693,
37,005,11379,
37,007,22432,
37,009,27266,
37,011,17811,
37,013,44576,
37,015,16939,
37,017,29777,
37,019,167112,
37,021,279210,
37,023,88545,
37,025,244925,
37,027,80739,
37,029,11184,
37,031,70259,
37,033,22363,
37,035,167054,
37,037,83874,
37,039,30373,
37,041,13891,
37,043,12042,
37,045,102194,
37,047,50054,
37,049,104167,
37,051,338430,
37,053,32278,
37,055,38183,
37,057,177809,
37,059,45383,
37,061,50539,
37,063,343628,
37,065,49124,
37,067,398143,
37,069,79771,
37,071,242010,
37,073,10299,
37,075,8179,
37,077,61544,
37,079,20671,
37,081,558816,
37,083,46992,
37,085,146096,
37,087,63048,
37,089,120771,
37,091,19169,
37,093,55382,
37,095,4583,
37,097,206361,
37,099,45281,
37,101,249794,
37,103,9462,
37,105,68537,
37,107,55332,
37,109,97611,
37,111,45269,
37,113,38717,
37,115,22352,
37,117,21523,
37,119,1206285,
37,121,15030,
37,123,26364,
37,125,108417,
37,127,97990,
37,129,243333,
37,131,16580,
37,133,212954,
37,135,152877,
37,137,12550,
37,139,41418,
37,141,70077,
37,143,13460,
37,145,40143,
37,147,180783,
37,149,20320,
37,151,148389,
37,153,41990,
37,155,118624,
37,157,93517,
37,159,153384,
37,161,65587,
37,163,60404,
37,165,33898,
37,167,67326,
37,169,45857,
37,171,71547,
37,173,13945,
37,175,34103,
37,177,3517,
37,179,263386,
37,181,42337,
37,183,1232444,
37,185,19081,
37,187,10654,
37,189,54997,
37,191,120338,
37,193,66186,
37,195,79958,
37,197,37995,
37,199,18993,
38,000,796568,
38,001,2141,
38,003,10798,
38,005,5756,
38,007,1063,
38,009,6391,
38,011,2886,
38,013,2154,
38,015,103107,
38,017,200945,
38,019,3567,
38,021,4930,
38,023,2124,
38,025,4031,
38,027,2309,
38,029,3209,
38,031,3323,
38,033,1795,
38,035,73771,
38,037,2247,
38,039,2227,
38,041,2419,
38,043,2371,
38,045,4051,
38,047,1880,
38,049,5135,
38,051,2461,
38,053,14782,
38,055,9845,
38,057,8348,
38,059,34194,
38,061,9474,
38,063,3007,
38,065,1882,
38,067,6588,
38,069,3853,
38,071,11510,
38,073,5590,
38,075,2376,
38,077,16658,
38,079,11692,
38,081,3710,
38,083,1268,
38,085,3713,
38,087,660,
38,089,33767,
38,091,1767,
38,093,21546,
38,095,2051,
38,097,7989,
38,099,10214,
38,101,68427,
38,103,3803,
38,105,40763,
39,000,11883304,
39,001,27671,
39,003,100866,
39,005,52420,
39,007,96906,
39,009,63218,
39,011,45922,
39,013,64692,
39,015,44292,
39,017,399542,
39,019,26460,
39,021,38907,
39,023,134985,
39,025,214123,
39,027,42019,
39,029,99823,
39,031,37003,
39,033,41626,
39,035,1240594,
39,037,51462,
39,039,38644,
39,041,237966,
39,043,73841,
39,045,167762,
39,047,28782,
39,049,1356303,
39,051,42028,
39,053,28886,
39,055,95362,
39,057,172347,
39,059,38219,
39,061,837359,
39,063,75016,
39,065,30402,
39,067,14042,
39,069,27536,
39,071,43785,
39,073,27429,
39,075,44668,
39,077,58168,
39,079,32723,
39,081,63900,
39,083,63848,
39,085,232360,
39,087,55829,
39,089,184898,
39,091,46085,
39,093,322030,
39,095,426291,
39,097,45531,
39,099,225786,
39,101,64976,
39,103,184625,
39,105,21491,
39,107,42648,
39,109,111950,
39,111,13051,
39,113,537443,
39,115,13532,
39,117,35927,
39,119,86582,
39,121,14269,
39,123,39692,
39,125,18755,
39,127,35682,
39,129,62158,
39,131,27065,
39,133,163839,
39,135,40801,
39,137,34206,
39,139,124853,
39,141,76046,
39,143,58866,
39,145,71798,
39,147,54730,
39,149,47952,
39,151,374091,
39,153,538370,
39,155,200300,
39,157,92048,
39,159,71721,
39,161,28887,
39,163,12545,
39,165,256059,
39,167,58332,
39,169,116632,
39,171,36554,
39,173,133077,
39,175,21394,
40,000,4095393,
40,001,19821,
40,003,5712,
40,005,14600,
40,007,5025,
40,009,22248,
40,011,8573,
40,013,50305,
40,015,26337,
40,017,181760,
40,019,49135,
40,021,48729,
40,023,14174,
40,025,2133,
40,027,303952,
40,029,5414,
40,031,121396,
40,033,5503,
40,035,14506,
40,037,73971,
40,039,28266,
40,041,41771,
40,043,4268,
40,045,3601,
40,047,62007,
40,049,26149,
40,051,58353,
40,053,4123,
40,055,5433,
40,057,2315,
40,059,3209,
40,061,11811,
40,063,13371,
40,065,24541,
40,067,5374,
40,069,10293,
40,071,43437,
40,073,15820,
40,075,8257,
40,077,9509,
40,079,49854,
40,081,34972,
40,083,53860,
40,085,10423,
40,087,48434,
40,089,30805,
40,091,19710,
40,093,7569,
40,095,16147,
40,097,40144,
40,099,13754,
40,101,66752,
40,103,10896,
40,105,9561,
40,107,11364,
40,109,816490,
40,111,37084,
40,113,46495,
40,115,30404,
40,117,16111,
40,119,84199,
40,121,43395,
40,123,38310,
40,125,74446,
40,127,10800,
40,129,3304,
40,131,101371,
40,133,23351,
40,135,40555,
40,137,44075,
40,139,20577,
40,141,6736,
40,143,693514,
40,145,91257,
40,147,54060,
40,149,10839,
40,151,8582,
40,153,19991,
41,000,4272371,
41,001,16750,
41,003,98899,
41,005,425857,
41,007,41043,
41,009,54063,
41,011,64326,
41,013,27336,
41,015,22774,
41,017,211535,
41,019,112255,
41,021,1971,
41,023,7093,
41,025,7402,
41,027,23764,
41,029,221331,
41,031,25536,
41,033,88276,
41,035,70438,
41,037,8194,
41,039,382396,
41,041,51212,
41,043,132474,
41,045,32315,
41,047,352867,
41,049,12360,
41,051,795897,
41,053,90549,
41,055,2002,
41,057,27264,
41,059,80491,
41,061,26058,
41,063,7522,
41,065,26507,
41,067,611272,
41,069,1456,
41,071,110886,
42,000,13078751,
42,001,107914,
42,003,1231814,
42,005,63679,
42,007,165540,
42,009,47643,
42,011,439117,
42,013,120269,
42,015,59699,
42,017,650131,
42,019,199341,
42,021,130108,
42,023,4348,
42,025,65743,
42,027,159805,
42,029,560745,
42,031,36855,
42,033,78132,
42,035,37865,
42,037,66012,
42,039,82089,
42,041,275516,
42,043,293029,
42,045,584882,
42,047,30124,
42,049,267750,
42,051,123941,
42,053,6601,
42,055,159285,
42,057,14452,
42,059,33960,
42,061,43359,
42,063,82953,
42,065,43367,
42,067,23395,
42,069,216859,
42,071,563293,
42,073,84233,
42,075,145319,
42,077,385655,
42,079,331379,
42,081,113236,
42,083,39478,
42,085,108140,
42,087,45935,
42,089,166523,
42,091,879190,
42,093,18115,
42,095,322989,
42,097,90027,
42,099,46816,
42,101,1573916,
42,103,62376,
42,105,15993,
42,107,144523,
42,109,39627,
42,111,72134,
42,113,5927,
42,115,38100,
42,117,40698,
42,119,42159,
42,121,49476,
42,123,37373,
42,125,210434,
42,127,51419,
42,129,350935,
42,131,25771,
42,133,471240,
44,000,1112308,
44,001,50145,
44,003,172450,
44,005,83468,
44,007,675912,
44,009,130333,
45,000,5478831,
45,001,24607,
45,003,179245,
45,005,7551,
45,007,217183,
45,009,12870,
45,011,20495,
45,013,201775,
45,015,264276,
45,017,14249,
45,019,431001,
45,021,57770,
45,023,32323,
45,025,44488,
45,027,31030,
45,029,39259,
45,031,62425,
45,033,27577,
45,035,174663,
45,037,29455,
45,039,20369,
45,041,138049,
45,043,66035,
45,045,570745,
45,047,70041,
45,049,18172,
45,051,413391,
45,053,35618,
45,055,71698,
45,057,111652,
45,059,70545,
45,061,15958,
45,063,313774,
45,065,9983,
45,067,28368,
45,069,25498,
45,071,39203,
45,073,82475,
45,075,83129,
45,077,138207,
45,079,430651,
45,081,19452,
45,083,369256,
45,085,104776,
45,087,26678,
45,089,29865,
45,091,303001,
46,000,924669,
46,003,2752,
46,005,19459,
46,007,3289,
46,009,7071,
46,011,36359,
46,013,37495,
46,015,5261,
46,017,1825,
46,019,10891,
46,021,1342,
46,023,9343,
46,025,3974,
46,027,15245,
46,029,29278,
46,031,3747,
46,033,9330,
46,035,19907,
46,037,5408,
46,039,4335,
46,041,5322,
46,043,2849,
46,045,4027,
46,047,7359,
46,049,2136,
46,051,7618,
46,053,4110,
46,055,1834,
46,057,6596,
46,059,3097,
46,061,3477,
46,063,1325,
46,065,17526,
46,067,7416,
46,069,1215,
46,071,2737,
46,073,1689,
46,075,874,
46,077,5261,
46,079,11006,
46,081,28809,
46,083,75244,
46,085,3721,
46,087,5771,
46,089,2307,
46,091,4395,
46,093,30918,
46,095,1834,
46,097,2303,
46,099,208639,
46,101,6529,
46,102,13360,
46,103,115979,
46,105,2832,
46,107,2402,
46,109,10283,
46,111,2392,
46,115,6108,
46,117,3015,
46,119,1468,
46,121,9172,
46,123,5717,
46,125,9087,
46,127,17402,
46,129,5270,
46,135,23509,
46,137,2418,
47,000,7227750,
47,001,81449,
47,003,54228,
47,005,16173,
47,007,15591,
47,009,142211,
47,011,113782,
47,013,40238,
47,015,15142,
47,017,29107,
47,019,57434,
47,021,42604,
47,023,17876,
47,025,33070,
47,027,7857,
47,029,37596,
47,031,61285,
47,033,13973,
47,035,65618,
47,037,729505,
47,039,11800,
47,041,21747,
47,043,57641,
47,045,36403,
47,047,44476,
47,049,20129,
47,051,45137,
47,053,51422,
47,055,30971,
47,057,25073,
47,059,73398,
47,061,14148,
47,063,67715,
47,065,386256,
47,067,7038,
47,069,25434,
47,071,27617,
47,073,59371,
47,075,17097,
47,077,28183,
47,079,32883,
47,081,25859,
47,083,8538,
47,085,19554,
47,087,12376,
47,089,59217,
47,091,18506,
47,093,506748,
47,095,6422,
47,097,24630,
47,099,46467,
47,101,13418,
47,103,36751,
47,105,62129,
47,107,56754,
47,109,26103,
47,111,27189,
47,113,100409,
47,115,29826,
47,117,37847,
47,119,113411,
47,121,13937,
47,123,49154,
47,125,246025,
47,127,6773,
47,129,21954,
47,131,30261,
47,133,23551,
47,135,8987,
47,137,5108,
47,139,18338,
47,141,84894,
47,143,34759,
47,145,56742,
47,147,78459,
47,149,376996,
47,151,22517,
47,153,17620,
47,155,100184,
47,157,910530,
47,159,20783,
47,161,14365,
47,163,162703,
47,165,211721,
47,167,62187,
47,169,12159,
47,171,17872,
47,173,21064,
47,175,6686,
47,177,43619,
47,179,139642,
47,181,15974,
47,183,33162,
47,185,29108,
47,187,269136,
47,189,169948,
48,000,31290831,
48,001,59512,
48,003,18923,
48,005,88094,
48,007,25595,
48,009,9155,
48,011,1809,
48,013,52783,
48,015,32546,
48,017,7031,
48,019,22830,
48,021,114931,
48,023,3533,
48,025,31226,
48,027,399578,
48,029,2127737,
48,031,13358,
48,033,557,
48,035,19013,
48,037,91992,
48,039,413224,
48,041,249624,
48,043,9508,
48,045,1494,
48,047,6740,
48,049,38631,
48,051,20179,
48,053,55722,
48,055,52430,
48,057,19942,
48,059,14615,
48,061,431874,
48,063,13164,
48,065,5822,
48,067,28622,
48,069,7380,
48,071,56179,
48,073,53223,
48,075,6679,
48,077,10730,
48,079,2583,
48,081,3396,
48,083,7990,
48,085,1254658,
48,087,2611,
48,089,21475,
48,091,201628,
48,093,14359,
48,095,3326,
48,097,44258,
48,099,86370,
48,101,1263,
48,103,4594,
48,105,2799,
48,107,5030,
48,109,2254,
48,111,7526,
48,113,2656028,
48,115,11758,
48,117,18495,
48,119,5647,
48,121,1045120,
48,123,20252,
48,125,1725,
48,127,8181,
48,129,3193,
48,131,9585,
48,133,18290,
48,135,170022,
48,137,1383,
48,139,232387,
48,141,875784,
48,143,44496,
48,145,17752,
48,147,38650,
48,149,25488,
48,151,3665,
48,153,5042,
48,155,1053,
48,157,958434,
48,159,10912,
48,161,20645,
48,163,19520,
48,165,22892,
48,167,367407,
48,169,4645,
48,171,28159,
48,173,1153,
48,175,7221,
48,177,20040,
48,179,20888,
48,181,150532,
48,183,126679,
48,185,33448,
48,187,195166,
48,189,31953,
48,191,2828,
48,193,8644,
48,195,5006,
48,197,3417,
48,199,58670,
48,201,5009302,
48,203,71370,
48,205,4996,
48,207,5435,
48,209,292029,
48,211,3134,
48,213,87467,
48,215,914820,
48,217,38771,
48,219,21505,
48,221,69126,
48,223,38784,
48,225,22197,
48,227,30833,
48,229,3608,
48,231,118729,
48,233,19721,
48,235,1526,
48,237,9398,
48,239,15284,
48,241,32907,
48,243,1778,
48,245,253948,
48,247,4583,
48,249,38886,
48,251,210547,
48,253,20850,
48,255,15137,
48,257,197829,
48,259,51828,
48,261,330,
48,263,703,
48,265,53900,
48,267,4401,
48,269,215,
48,271,3191,
48,273,30442,
48,275,3255,
48,277,51249,
48,279,12687,
48,281,23539,
48,283,6679,
48,285,20605,
48,287,18451,
48,289,16698,
48,291,115042,
48,293,22569,
48,295,2880,
48,297,11967,
48,299,23163,
48,301,48,
48,303,327394,
48,305,5952,
48,307,7448,
48,309,270358,
48,311,565,
48,313,13877,
48,315,9704,
48,317,5179,
48,319,3987,
48,321,36391,
48,323,58829,
48,325,55619,
48,327,1911,
48,329,183587,
48,331,26159,
48,333,4563,
48,335,8968,
48,337,21890,
48,339,749613,
48,341,21872,
48,343,12184,
48,345,1015,
48,347,65728,
48,349,56533,
48,351,11908,
48,353,14182,
48,355,353125,
48,357,9717,
48,359,1823,
48,361,86115,
48,363,30231,
48,365,23022,
48,367,179707,
48,369,9669,
48,371,14712,
48,373,54258,
48,375,114649,
48,377,5686,
48,379,13306,
48,381,150547,
48,383,3139,
48,385,2772,
48,387,11696,
48,389,11956,
48,391,6739,
48,393,837,
48,395,17659,
48,397,137044,
48,399,9751,
48,401,53391,
48,403,10058,
48,405,7767,
48,407,29326,
48,409,71467,
48,411,5508,
48,413,2302,
48,415,16211,
48,417,3169,
48,419,24192,
48,421,2771,
48,423,249091,
48,425,10098,
48,427,66587,
48,429,9475,
48,431,1387,
48,433,1235,
48,435,3269,
48,437,6877,
48,439,2230708,
48,441,148813,
48,443,718,
48,445,11602,
48,447,1532,
48,449,31547,
48,451,120103,
48,453,1363767,
48,455,14489,
48,457,20560,
48,459,44050,
48,461,3128,
48,463,25138,
48,465,47999,
48,467,65304,
48,469,91949,
48,471,83722,
48,473,65109,
48,475,11038,
48,477,37810,
48,479,272823,
48,481,42035,
48,483,4824,
48,485,129984,
48,487,12455,
48,489,20027,
48,491,727480,
48,493,55415,
48,495,7381,
48,497,81275,
48,499,48742,
48,501,7581,
48,503,18236,
48,505,13819,
48,507,9209,
49,000,3503613,
49,001,7424,
49,003,64120,
49,005,145487,
49,007,20613,
49,009,956,
49,011,378470,
49,013,20803,
49,015,10161,
49,017,5290,
49,019,9788,
49,021,65936,
49,023,13297,
49,025,8525,
49,027,13572,
49,029,13093,
49,031,1534,
49,033,2752,
49,035,1216274,
49,037,14601,
49,039,30732,
49,041,22520,
49,043,43109,
49,045,84488,
49,047,38307,
49,049,747234,
49,051,37858,
49,053,207943,
49,055,2608,
49,057,276118,
50,000,648493,
50,001,38047,
50,003,37039,
50,005,30535,
50,007,170851,
50,009,6037,
50,011,51066,
50,013,7528,
50,015,26248,
50,017,30050,
50,019,27726,
50,021,60198,
50,023,59844,
50,025,45627,
50,027,57697,
51,000,8811195,
51,001,33411,
51,003,117313,
51,005,14632,
51,007,13716,
51,009,31650,
51,011,16957,
51,013,239807,
51,015,78622,
51,017,4071,
51,019,82182,
51,021,6186,
51,023,34129,
51,025,15750,
51,027,18632,
51,029,17115,
51,031,55342,
51,033,33477,
51,035,29242,
51,036,6564,
51,037,11258,
51,041,389793,
51,043,15598,
51,045,4829,
51,047,56125,
51,049,10062,
51,051,13411,
51,053,28576,
51,057,10683,
51,059,1160925,
51,061,75865,
51,063,15658,
51,065,28746,
51,067,55637,
51,069,98109,
51,071,16533,
51,073,40154,
51,075,28223,
51,077,15265,
51,079,21744,
51,081,11150,
51,083,33448,
51,085,115309,
51,087,338696,
51,089,49385,
51,091,2348,
51,093,40942,
51,095,82797,
51,097,6747,
51,099,28816,
51,101,19232,
51,103,11062,
51,105,21780,
51,107,443380,
51,109,42109,
51,111,12060,
51,113,14252,
51,115,8602,
51,117,30824,
51,119,10949,
51,121,98998,
51,125,14766,
51,127,27218,
51,131,12004,
51,133,12397,
51,135,15632,
51,137,38986,
51,139,23686,
51,141,17308,
51,143,59410,
51,145,32392,
51,147,22276,
51,149,43589,
51,153,497003,
51,155,33579,
51,157,7479,
51,159,9215,
51,161,97334,
51,163,22368,
51,165,87674,
51,167,25420,
51,169,21388,
51,171,45441,
51,173,29137,
51,175,17941,
51,177,152021,
51,179,168919,
51,181,6579,
51,183,10753,
51,185,38875,
51,187,42461,
51,191,54098,
51,193,19235,
51,195,34973,
51,197,28100,
51,199,71410,
51,510,159102,
51,520,16316,
51,530,6581,
51,540,44767,
51,550,254997,
51,570,18674,
51,580,5663,
51,590,41993,
51,595,5402,
51,600,26340,
51,610,15034,
51,620,8373,
51,630,29992,
51,640,6739,
51,650,137596,
51,660,51164,
51,670,22970,
51,678,7802,
51,680,80301,
51,683,43616,
51,685,16611,
51,690,13834,
51,700,183056,
51,710,231105,
51,720,3478,
51,730,34058,
51,735,12854,
51,740,96482,
51,750,17273,
51,760,233655,
51,770,97912,
51,775,25908,
51,790,26361,
51,800,103105,
51,810,454808,
51,820,23498,
51,830,16030,
51,840,27800,
53,000,7958180,
53,001,21039,
53,003,22523,
53,005,218190,
53,007,81228,
53,009,77958,
53,011,527269,
53,013,4025,
53,015,113982,
53,017,45795,
53,019,7543,
53,021,101238,
53,023,2404,
53,025,104717,
53,027,77893,
53,029,86478,
53,031,33944,
53,033,2340211,
53,035,281420,
53,037,48172,
53,039,24124,
53,041,87049,
53,043,11862,
53,045,69632,
53,047,44942,
53,049,24245,
53,051,14332,
53,053,941170,
53,055,18668,
53,057,132736,
53,059,12660,
53,061,864113,
53,063,555947,
53,065,49015,
53,067,302912,
53,069,4800,
53,071,62068,
53,073,234954,
53,075,48399,
53,077,258523,
54,000,1769979,
54,001,15369,
54,003,136287,
54,005,20496,
54,007,12051,
54,009,21285,
54,011,91489,
54,013,5873,
54,015,7689,
54,017,7615,
54,019,38600,
54,021,7116,
54,023,10971,
54,025,31851,
54,027,23793,
54,029,28054,
54,031,14335,
54,033,64472,
54,035,27718,
54,037,61264,
54,039,173906,
54,041,16477,
54,043,19377,
54,045,30560,
54,047,17147,
54,049,55649,
54,051,29354,
54,053,24770,
54,055,57524,
54,057,26778,
54,059,21712,
54,061,108697,
54,063,12462,
54,065,17780,
54,067,24017,
54,069,41090,
54,071,5944,
54,073,7358,
54,075,7653,
54,077,34055,
54,079,57067,
54,081,72379,
54,083,27190,
54,085,8170,
54,087,13540,
54,089,11544,
54,091,16438,
54,093,6573,
54,095,7843,
54,097,23650,
54,099,37589,
54,101,7947,
54,103,13766,
54,105,4924,
54,107,82757,
54,109,19964,
55,000,5960975,
55,001,21352,
55,003,16196,
55,005,46810,
55,007,16838,
55,009,273909,
55,011,13464,
55,013,17187,
55,015,53602,
55,017,67323,
55,019,34801,
55,021,58113,
55,023,16008,
55,025,588347,
55,027,88635,
55,029,30512,
55,031,44276,
55,033,46135,
55,035,108830,
55,037,4673,
55,039,104269,
55,041,9506,
55,043,52330,
55,045,37183,
55,047,19370,
55,049,23963,
55,051,6235,
55,053,21027,
55,055,86245,
55,057,26590,
55,059,168754,
55,061,20751,
55,063,121060,
55,065,17306,
55,067,19535,
55,069,28461,
55,071,81513,
55,073,139091,
55,075,42343,
55,077,15743,
55,078,4286,
55,079,924740,
55,081,46370,
55,083,40037,
55,085,38175,
55,087,195390,
55,089,93956,
55,091,7555,
55,093,43380,
55,095,45831,
55,097,72040,
55,099,14087,
55,101,198651,
55,103,17123,
55,105,165461,
55,107,14168,
55,109,97954,
55,111,66486,
55,113,18835,
55,115,41299,
55,117,118331,
55,119,20167,
55,121,30801,
55,123,31351,
55,125,23948,
55,127,106029,
55,129,16982,
55,131,138727,
55,133,417029,
55,135,51171,
55,137,25079,
55,139,173307,
55,141,73943,
56,000,587618,
56,001,39288,
56,003,12084,
56,005,47946,
56,007,14250,
56,009,13766,
56,011,7775,
56,013,39721,
56,015,12635,
56,017,4625,
56,019,8803,
56,021,101783,
56,023,21000,
56,025,80410,
56,027,2301,
56,029,31082,
56,031,8512,
56,033,32978,
56,035,8965,
56,037,41273,
56,039,23272,
56,041,20621,
56,043,7662,
56,045,6866,
